id;name;created_at;modified_at;last_post_at;is_deleted
1;Azerbaijanian deposit maximized;2021-08-23T17:20:29;2021-08-24T01:53:17;2021-08-23T14:53:06;false
2;Pizza Republic;2021-08-24T04:08:22;2021-08-24T03:17:55;2021-08-23T22:54:15;true
3;Intranet;2021-08-24T11:53:21;2021-08-23T15:46:01;2021-08-24T07:35:50;true
4;Ecuador reboot;2021-08-24T00:03:13;2021-08-23T15:30:03;2021-08-23T19:11:53;true
5;Avon database Lari;2021-08-23T21:33:37;2021-08-23T18:39:41;2021-08-23T19:19:00;true
6;Ville;2021-08-23T21:30:06;2021-08-24T08:41:03;2021-08-24T08:43:21;true
7;maximized Jewelery Buckinghamshire;2021-08-23T23:20:08;2021-08-24T12:49:06;2021-08-23T23:25:08;true
8;Concrete Pataca;2021-08-23T15:13:50;2021-08-24T05:31:32;2021-08-24T02:23:52;false
9;Nepal azure content;2021-08-23T21:00:40;2021-08-23T18:32:58;2021-08-23T15:34:47;true
10;array Louisiana;2021-08-24T07:42:06;2021-08-23T17:32:46;2021-08-23T19:33:12;false
